﻿{"cameraMode":{"drawMode":0,"name":"Shaded","section":"Shading Mode"},"sceneLighting":false,"audioPlay":false,"sceneViewState":{"showFog":true,"showMaterialUpdate":true,"showSkybox":true,"showFlares":true,"showImageEffects":true,"showParticleSystems":true},"in2DMode":false,"pivot":{"x":7.460000038146973,"y":1.0789999961853028,"z":8.567999839782715},"rotation":{"x":-0.0289908554404974,"y":0.8912869691848755,"z":-0.057567108422517779,"w":-0.44883543252944949},"size":0.47758227586746218,"orthographic":false}