﻿{"cameraMode":{"drawMode":0,"name":"Shaded","section":"Shading Mode"},"sceneLighting":true,"audioPlay":false,"sceneViewState":{"showFog":true,"showMaterialUpdate":true,"showSkybox":true,"showFlares":true,"showImageEffects":true,"showParticleSystems":true},"in2DMode":false,"pivot":{"x":35.72077560424805,"y":3.0921785831451418,"z":0.33322328329086306},"rotation":{"x":0.09325648099184036,"y":-0.701130747795105,"z":0.0933118388056755,"w":0.7007224559783936},"size":10.25156307220459,"orthographic":false}